<?xml version="1.0" encoding="UTF-8"?>
<!DOCTYPE plist PUBLIC "-//Apple//DTD PLIST 1.0//EN" "http://www.apple.com/DTDs/PropertyList-1.0.dtd">
<plist version="1.0">
    <dict>
        <key>CFBundleDevelopmentRegion</key>
        <string>en</string>
        <key>CFBundleDisplayName</key>
        <string>${app.name}</string>
        <key>CFBundleExecutable</key>
        <string>${app.executable}</string>
        <key>CFBundleIdentifier</key>
        <string>${app.id}</string>
        <key>CFBundleInfoDictionaryVersion</key>
        <string>6.0</string>
        <key>CFBundleName</key>
        <string>${app.name}</string>
        <key>CFBundlePackageType</key>
        <string>APPL</string>
        <key>CFBundleShortVersionString</key>
        <string>${app.version}</string>
        <key>CFBundleSignature</key>
        <string>????</string>
        <key>CFBundleVersion</key>
        <string>${app.build}</string>
        <key>LSRequiresIPhoneOS</key>
        <true/>
        <key>UIDeviceFamily</key>
        <array>
            <integer>1</integer>
            <integer>2</integer>
        </array>
        <key>UIRequiredDeviceCapabilities</key>
        <array>
            <string>armv7</string>
        </array>
        <key>UISupportedInterfaceOrientations</key>
        <array>
            <string>UIInterfaceOrientationPortrait</string>
            <string>UIInterfaceOrientationLandscapeLeft</string>
            <string>UIInterfaceOrientationLandscapeRight</string>
        </array>
        <key>UISupportedInterfaceOrientations~ipad</key>
        <array>
            <string>UIInterfaceOrientationPortrait</string>
            <string>UIInterfaceOrientationPortraitUpsideDown</string>
            <string>UIInterfaceOrientationLandscapeLeft</string>
            <string>UIInterfaceOrientationLandscapeRight</string>
        </array>
    </dict>
</plist>